Date / Time,Weather Description
"Sat, Oct 19, 2024 6:00 AM",overcast clouds
"Sat, Oct 19, 2024 9:00 AM",overcast clouds
"Sat, Oct 19, 2024 12:00 PM",overcast clouds
"Sat, Oct 19, 2024 3:00 PM",overcast clouds
"Sat, Oct 19, 2024 6:00 PM",overcast clouds
"Sat, Oct 19, 2024 9:00 PM",overcast clouds
"Sun, Oct 20, 2024 12:00 AM",overcast clouds
"Sun, Oct 20, 2024 3:00 AM",overcast clouds
"Sun, Oct 20, 2024 6:00 AM",overcast clouds
"Sun, Oct 20, 2024 9:00 AM",overcast clouds
"Sun, Oct 20, 2024 12:00 PM",overcast clouds
"Sun, Oct 20, 2024 3:00 PM",scattered clouds
"Sun, Oct 20, 2024 6:00 PM",scattered clouds
"Sun, Oct 20, 2024 9:00 PM",clear sky
"Mon, Oct 21, 2024 12:00 AM",clear sky
"Mon, Oct 21, 2024 3:00 AM",scattered clouds
"Mon, Oct 21, 2024 6:00 AM",few clouds
"Mon, Oct 21, 2024 9:00 AM",light rain
"Mon, Oct 21, 2024 12:00 PM",light rain
"Mon, Oct 21, 2024 3:00 PM",light rain
"Mon, Oct 21, 2024 6:00 PM",overcast clouds
"Mon, Oct 21, 2024 9:00 PM",clear sky
"Tue, Oct 22, 2024 12:00 AM",clear sky
"Tue, Oct 22, 2024 3:00 AM",clear sky
"Tue, Oct 22, 2024 6:00 AM",clear sky
"Tue, Oct 22, 2024 9:00 AM",few clouds
"Tue, Oct 22, 2024 12:00 PM",clear sky
"Tue, Oct 22, 2024 3:00 PM",clear sky
"Tue, Oct 22, 2024 6:00 PM",clear sky
"Tue, Oct 22, 2024 9:00 PM",clear sky
"Wed, Oct 23, 2024 12:00 AM",clear sky
"Wed, Oct 23, 2024 3:00 AM",clear sky
"Wed, Oct 23, 2024 6:00 AM",clear sky
"Wed, Oct 23, 2024 9:00 AM",few clouds
"Wed, Oct 23, 2024 12:00 PM",broken clouds
"Wed, Oct 23, 2024 3:00 PM",scattered clouds
"Wed, Oct 23, 2024 6:00 PM",few clouds
"Wed, Oct 23, 2024 9:00 PM",clear sky
"Thu, Oct 24, 2024 12:00 AM",clear sky
"Thu, Oct 24, 2024 3:00 AM",clear sky
